"","county","year","money_bond_freq","pr_bond_freq","total_bond_freq","off_type","money_posted","money_bond_new_no","money_new_yes","pr_posted","pr_new_no","pr_new_yes","total_new"
"1","Adams",2014,8022,156,8178,"Misdemeanor",5369,4650,719,286,250,36,5655
"2","Adams",2015,8018,308,8326,"Misdemeanor",5243,4512,731,369,335,34,5612
"3","Adams",2016,6789,1211,8000,"Misdemeanor",3672,3149,523,1307,1113,194,4979
"4","Alamosa",2014,317,112,429,"Misdemeanor",188,154,34,110,88,22,298
"5","Alamosa",2015,367,122,489,"Misdemeanor",219,154,65,115,84,31,334
"6","Alamosa",2016,328,184,512,"Misdemeanor",166,135,31,178,141,37,344
"7","Arapahoe",2014,4405,3151,7556,"Misdemeanor",2589,2184,405,2091,1820,271,4680
"8","Arapahoe",2015,3703,3890,7593,"Misdemeanor",2329,1976,353,2317,2049,268,4646
"9","Arapahoe",2016,4693,2393,7086,"Misdemeanor",2099,1876,223,1583,1421,162,3682
"10","Archuleta",2014,212,118,330,"Misdemeanor",135,118,17,119,100,19,254
"11","Archuleta",2015,156,97,253,"Misdemeanor",114,95,19,93,71,22,207
"12","Archuleta",2016,194,126,320,"Misdemeanor",128,99,29,127,97,30,255
"13","Baca",2014,103,10,113,"Misdemeanor",55,51,4,10,10,NA,65
"14","Baca",2015,106,7,113,"Misdemeanor",51,43,8,7,6,1,58
"15","Baca",2016,105,7,112,"Misdemeanor",54,46,8,8,8,NA,62
"16","Bent",2014,184,53,237,"Misdemeanor",151,114,37,49,36,13,200
"17","Bent",2015,109,52,161,"Misdemeanor",74,60,14,46,40,6,120
"18","Bent",2016,116,65,181,"Misdemeanor",70,53,17,59,42,17,129
"19","Boulder",2014,2444,545,2989,"Misdemeanor",1444,1256,188,590,543,47,2034
"20","Boulder",2015,2346,637,2983,"Misdemeanor",1331,1149,182,645,593,52,1976
"21","Boulder",2016,2275,860,3135,"Misdemeanor",1265,1086,179,848,758,90,2113
"22","Broomfield",2014,1213,86,1299,"Misdemeanor",905,833,72,86,77,9,991
"23","Broomfield",2015,1082,76,1158,"Misdemeanor",771,679,92,74,69,5,845
"24","Broomfield",2016,826,262,1088,"Misdemeanor",518,453,65,264,233,31,782
"25","Chaffee",2014,299,103,402,"Misdemeanor",196,171,25,103,95,8,299
"26","Chaffee",2015,290,153,443,"Misdemeanor",175,152,23,158,136,22,333
"27","Chaffee",2016,271,184,455,"Misdemeanor",149,119,30,175,146,29,324
"28","Cheyenne",2014,41,6,47,"Misdemeanor",21,19,2,6,5,1,27
"29","Cheyenne",2015,44,1,45,"Misdemeanor",24,23,1,1,1,NA,25
"30","Cheyenne",2016,71,8,79,"Misdemeanor",31,27,4,8,6,2,39
"31","Clear Creek",2014,360,133,493,"Misdemeanor",215,190,25,24,19,5,239
"32","Clear Creek",2015,382,141,523,"Misdemeanor",246,224,22,30,29,1,276
"33","Clear Creek",2016,393,122,515,"Misdemeanor",224,194,30,38,29,9,262
"34","Conejos",2014,132,35,167,"Misdemeanor",85,72,13,33,24,9,118
"35","Conejos",2015,112,47,159,"Misdemeanor",71,59,12,47,42,5,118
"36","Conejos",2016,115,42,157,"Misdemeanor",77,61,16,40,30,10,117
"37","Costilla",2014,121,28,149,"Misdemeanor",70,61,9,22,19,3,92
"38","Costilla",2015,120,21,141,"Misdemeanor",86,73,13,20,18,2,106
"39","Costilla",2016,115,24,139,"Misdemeanor",55,49,6,18,17,1,73
"40","Crowley",2014,54,20,74,"Misdemeanor",40,32,8,21,18,3,61
"41","Crowley",2015,51,28,79,"Misdemeanor",37,29,8,29,22,7,66
"42","Crowley",2016,34,15,49,"Misdemeanor",22,19,3,14,8,6,36
"43","Custer",2014,48,14,62,"Misdemeanor",38,32,6,14,14,NA,52
"44","Custer",2015,71,24,95,"Misdemeanor",46,40,6,24,21,3,70
"45","Custer",2016,47,29,76,"Misdemeanor",36,29,7,30,26,4,66
"46","Delta",2014,428,66,494,"Misdemeanor",283,234,49,130,115,15,413
"47","Delta",2015,460,70,530,"Misdemeanor",297,256,41,146,124,22,443
"48","Delta",2016,557,65,622,"Misdemeanor",282,252,30,217,179,38,499
"49","Dolores",2014,29,10,39,"Misdemeanor",18,15,3,8,8,NA,26
"50","Dolores",2015,26,15,41,"Misdemeanor",12,11,1,8,8,NA,20
"51","Dolores",2016,15,24,39,"Misdemeanor",8,7,1,12,11,1,20
"52","Douglas",2014,2230,625,2855,"Misdemeanor",1339,1199,140,582,529,53,1921
"53","Douglas",2015,2315,975,3290,"Misdemeanor",1381,1260,121,928,840,88,2309
"54","Douglas",2016,2810,979,3789,"Misdemeanor",1581,1444,137,943,842,101,2524
"55","Eagle",2014,759,228,987,"Misdemeanor",362,317,45,223,197,26,585
"56","Eagle",2015,861,166,1027,"Misdemeanor",419,359,60,208,188,20,627
"57","Eagle",2016,891,158,1049,"Misdemeanor",483,417,66,166,147,19,649
"58","El Paso",2014,7742,993,8735,"Misdemeanor",3521,3085,436,1176,1099,77,4697
"59","El Paso",2015,8076,1069,9145,"Misdemeanor",3720,3262,458,1097,1030,67,4817
"60","El Paso",2016,8061,1074,9135,"Misdemeanor",3212,2841,371,1087,1020,67,4299
"61","Elbert",2014,226,77,303,"Misdemeanor",152,137,15,75,66,9,227
"62","Elbert",2015,240,82,322,"Misdemeanor",162,137,25,81,69,12,243
"63","Elbert",2016,212,117,329,"Misdemeanor",154,138,16,116,95,21,270
"64","Fremont",2014,563,193,756,"Misdemeanor",399,337,62,94,79,15,493
"65","Fremont",2015,636,226,862,"Misdemeanor",445,390,55,219,172,47,664
"66","Fremont",2016,423,594,1017,"Misdemeanor",198,162,36,586,513,73,784
"67","Garfield",2014,1057,271,1328,"Misdemeanor",620,492,128,310,244,66,930
"68","Garfield",2015,1104,288,1392,"Misdemeanor",671,550,121,308,272,36,979
"69","Garfield",2016,1113,326,1439,"Misdemeanor",590,504,86,355,297,58,945
"70","Gilpin",2014,422,72,494,"Misdemeanor",286,254,32,73,62,11,359
"71","Gilpin",2015,509,122,631,"Misdemeanor",356,309,47,122,113,9,478
"72","Gilpin",2016,384,126,510,"Misdemeanor",231,209,22,122,109,13,353
"73","Grand",2014,303,21,324,"Misdemeanor",223,202,21,19,18,1,242
"74","Grand",2015,240,65,305,"Misdemeanor",182,162,20,62,56,6,244
"75","Grand",2016,258,95,353,"Misdemeanor",181,159,22,93,77,16,274
"76","Gunnison",2014,326,40,366,"Misdemeanor",256,226,30,41,38,3,297
"77","Gunnison",2015,363,48,411,"Misdemeanor",294,256,38,53,44,9,347
"78","Gunnison",2016,363,43,406,"Misdemeanor",283,243,40,42,36,6,325
"79","Hinsdale",2014,10,NA,10,"Misdemeanor",4,4,NA,NA,NA,NA,4
"80","Hinsdale",2015,6,5,11,"Misdemeanor",5,5,NA,NA,NA,NA,5
"81","Hinsdale",2016,6,3,9,"Misdemeanor",1,1,NA,NA,NA,NA,1
"82","Huerfano",2014,228,25,253,"Misdemeanor",107,94,13,25,24,1,132
"83","Huerfano",2015,234,26,260,"Misdemeanor",100,81,19,26,22,4,126
"84","Huerfano",2016,224,36,260,"Misdemeanor",88,79,9,36,29,7,124
"85","Jackson",2014,17,12,29,"Misdemeanor",11,9,2,12,9,3,23
"86","Jackson",2015,14,7,21,"Misdemeanor",8,7,1,7,6,1,15
"87","Jackson",2016,15,3,18,"Misdemeanor",3,3,NA,3,2,1,6
"88","Jefferson",2014,4831,813,5644,"Misdemeanor",2360,2079,281,806,739,67,3166
"89","Jefferson",2015,4920,964,5884,"Misdemeanor",2321,2022,299,952,862,90,3273
"90","Jefferson",2016,5304,1097,6401,"Misdemeanor",2285,2022,263,1046,957,89,3331
"91","Kiowa",2014,87,3,90,"Misdemeanor",44,41,3,2,2,NA,46
"92","Kiowa",2015,65,4,69,"Misdemeanor",26,25,1,4,4,NA,30
"93","Kiowa",2016,53,3,56,"Misdemeanor",26,24,2,3,3,NA,29
"94","Kit Carson",2014,181,39,220,"Misdemeanor",112,101,11,37,29,8,149
"95","Kit Carson",2015,164,62,226,"Misdemeanor",105,94,11,58,51,7,163
"96","Kit Carson",2016,196,73,269,"Misdemeanor",108,88,20,70,61,9,178
"97","La Plata",2014,753,463,1216,"Misdemeanor",450,389,61,380,303,77,830
"98","La Plata",2015,906,541,1447,"Misdemeanor",547,476,71,507,408,99,1054
"99","La Plata",2016,1000,463,1463,"Misdemeanor",617,549,68,430,366,64,1047
"100","Lake",2014,152,63,215,"Misdemeanor",107,91,16,64,51,13,171
"101","Lake",2015,242,68,310,"Misdemeanor",182,148,34,67,56,11,249
"102","Lake",2016,212,50,262,"Misdemeanor",150,122,28,47,43,4,197
"103","Larimer",2014,2059,3712,5771,"Misdemeanor",1350,1091,259,2986,2705,281,4336
"104","Larimer",2015,2278,3780,6058,"Misdemeanor",1459,1181,278,2908,2581,327,4367
"105","Larimer",2016,2306,3737,6043,"Misdemeanor",1395,1133,262,2827,2542,285,4222
"106","Las Animas",2014,706,123,829,"Misdemeanor",465,385,80,132,86,46,597
"107","Las Animas",2015,698,86,784,"Misdemeanor",399,337,62,94,70,24,493
"108","Las Animas",2016,781,65,846,"Misdemeanor",400,335,65,65,47,18,465
"109","Lincoln",2014,238,8,246,"Misdemeanor",100,89,11,6,6,NA,106
"110","Lincoln",2015,354,5,359,"Misdemeanor",99,86,13,8,6,2,107
"111","Lincoln",2016,389,8,397,"Misdemeanor",106,97,9,11,10,1,117
"112","Logan",2014,326,160,486,"Misdemeanor",204,169,35,155,124,31,359
"113","Logan",2015,243,211,454,"Misdemeanor",168,134,34,203,163,40,371
"114","Logan",2016,249,186,435,"Misdemeanor",166,135,31,172,141,31,338
"115","Mesa",2014,1508,1312,2820,"Misdemeanor",604,466,138,1309,1088,221,1913
"116","Mesa",2015,1686,1317,3003,"Misdemeanor",591,483,108,1314,1053,261,1905
"117","Mesa",2016,1589,1402,2991,"Misdemeanor",451,376,75,1399,1119,280,1850
"118","Mineral",2014,40,NA,40,"Misdemeanor",14,13,1,NA,NA,NA,14
"119","Mineral",2015,43,2,45,"Misdemeanor",14,14,NA,1,1,NA,15
"120","Mineral",2016,36,2,38,"Misdemeanor",7,7,NA,2,2,NA,9
"121","Moffat",2014,246,95,341,"Misdemeanor",177,137,40,92,69,23,269
"122","Moffat",2015,257,115,372,"Misdemeanor",176,142,34,116,89,27,292
"123","Moffat",2016,246,157,403,"Misdemeanor",150,123,27,147,121,26,297
"124","Montezuma",2014,402,466,868,"Misdemeanor",276,250,26,368,308,60,644
"125","Montezuma",2015,413,403,816,"Misdemeanor",269,226,43,298,255,43,567
"126","Montezuma",2016,421,434,855,"Misdemeanor",252,229,23,275,250,25,527
"127","Montrose",2014,700,155,855,"Misdemeanor",522,393,129,180,153,27,702
"128","Montrose",2015,648,130,778,"Misdemeanor",421,328,93,173,137,36,594
"129","Montrose",2016,607,181,788,"Misdemeanor",393,309,84,238,189,49,631
"130","Morgan",2014,755,201,956,"Misdemeanor",336,288,48,176,151,25,512
"131","Morgan",2015,775,238,1013,"Misdemeanor",352,303,49,230,187,43,582
"132","Morgan",2016,693,247,940,"Misdemeanor",319,279,40,231,194,37,550
"133","Otero",2014,479,157,636,"Misdemeanor",369,290,79,161,132,29,530
"134","Otero",2015,376,228,604,"Misdemeanor",312,253,59,191,159,32,503
"135","Otero",2016,210,305,515,"Misdemeanor",180,135,45,241,208,33,421
"136","Ouray",2014,88,19,107,"Misdemeanor",68,60,8,13,10,3,81
"137","Ouray",2015,79,14,93,"Misdemeanor",46,41,5,13,12,1,59
"138","Ouray",2016,99,13,112,"Misdemeanor",60,51,9,13,11,2,73
"139","Park",2014,313,66,379,"Misdemeanor",232,211,21,73,67,6,305
"140","Park",2015,292,84,376,"Misdemeanor",172,158,14,96,88,8,268
"141","Park",2016,251,105,356,"Misdemeanor",154,139,15,103,92,11,257
"142","Phillips",2014,39,5,44,"Misdemeanor",27,21,6,5,4,1,32
"143","Phillips",2015,41,22,63,"Misdemeanor",27,19,8,21,14,7,48
"144","Phillips",2016,54,21,75,"Misdemeanor",36,30,6,16,15,1,52
"145","Pitkin",2014,164,61,225,"Misdemeanor",117,97,20,62,50,12,179
"146","Pitkin",2015,121,53,174,"Misdemeanor",74,65,9,53,43,10,127
"147","Pitkin",2016,169,41,210,"Misdemeanor",94,80,14,39,32,7,133
"148","Prowers",2014,629,68,697,"Misdemeanor",334,270,64,73,47,26,407
"149","Prowers",2015,662,59,721,"Misdemeanor",325,264,61,62,50,12,387
"150","Prowers",2016,625,34,659,"Misdemeanor",273,223,50,34,29,5,307
"151","Pueblo",2014,2513,835,3348,"Misdemeanor",1496,1340,156,826,729,97,2322
"152","Pueblo",2015,2077,1332,3409,"Misdemeanor",1183,1021,162,1307,1145,162,2490
"153","Pueblo",2016,1906,1576,3482,"Misdemeanor",827,719,108,1506,1319,187,2333
"154","Rio Blanco",2014,193,12,205,"Misdemeanor",150,140,10,10,10,NA,160
"155","Rio Blanco",2015,194,14,208,"Misdemeanor",138,111,27,15,15,NA,153
"156","Rio Blanco",2016,129,24,153,"Misdemeanor",84,71,13,20,17,3,104
"157","Rio Grande",2014,231,97,328,"Misdemeanor",97,67,30,104,79,25,201
"158","Rio Grande",2015,229,94,323,"Misdemeanor",104,82,22,87,70,17,191
"159","Rio Grande",2016,202,87,289,"Misdemeanor",103,77,26,84,69,15,187
"160","Routt",2014,385,166,551,"Misdemeanor",296,270,26,161,143,18,457
"161","Routt",2015,365,172,537,"Misdemeanor",249,235,14,171,151,20,420
"162","Routt",2016,309,176,485,"Misdemeanor",200,183,17,169,146,23,369
"163","Saguache",2014,84,38,122,"Misdemeanor",35,25,10,38,34,4,73
"164","Saguache",2015,69,31,100,"Misdemeanor",29,26,3,30,26,4,59
"165","Saguache",2016,88,30,118,"Misdemeanor",35,27,8,26,23,3,61
"166","San Juan",2014,11,2,13,"Misdemeanor",3,2,1,1,1,NA,4
"167","San Juan",2015,19,1,20,"Misdemeanor",6,3,3,1,1,NA,7
"168","San Juan",2016,19,4,23,"Misdemeanor",8,5,3,2,2,NA,10
"169","San Miguel",2014,134,33,167,"Misdemeanor",110,92,18,29,21,8,139
"170","San Miguel",2015,143,30,173,"Misdemeanor",114,102,12,31,26,5,145
"171","San Miguel",2016,209,25,234,"Misdemeanor",179,162,17,22,20,2,201
"172","Sedgwick",2014,36,7,43,"Misdemeanor",20,19,1,6,6,NA,26
"173","Sedgwick",2015,56,15,71,"Misdemeanor",25,24,1,15,12,3,40
"174","Sedgwick",2016,62,7,69,"Misdemeanor",31,29,2,7,7,NA,38
"175","Summit",2014,862,63,925,"Misdemeanor",647,573,74,69,61,8,716
"176","Summit",2015,938,110,1048,"Misdemeanor",709,616,93,107,89,18,816
"177","Summit",2016,820,112,932,"Misdemeanor",570,511,59,108,84,24,678
"178","Teller",2014,529,139,668,"Misdemeanor",406,367,39,127,114,13,533
"179","Teller",2015,504,121,625,"Misdemeanor",341,302,39,111,100,11,452
"180","Teller",2016,461,119,580,"Misdemeanor",278,244,34,114,110,4,392
"181","Washington",2014,67,29,96,"Misdemeanor",43,42,1,31,29,2,74
"182","Washington",2015,80,37,117,"Misdemeanor",54,47,7,36,33,3,90
"183","Washington",2016,97,25,122,"Misdemeanor",46,44,2,23,22,1,69
"184","Weld",2014,3329,1343,4672,"Misdemeanor",2227,1839,388,1092,967,125,3319
"185","Weld",2015,3200,2156,5356,"Misdemeanor",2037,1631,406,1911,1658,253,3948
"186","Weld",2016,2677,2747,5424,"Misdemeanor",1627,1301,326,2256,1972,284,3883
"187","Yuma",2014,90,22,112,"Misdemeanor",65,60,5,21,20,1,86
"188","Yuma",2015,121,30,151,"Misdemeanor",85,73,12,31,25,6,116
"189","Yuma",2016,107,39,146,"Misdemeanor",74,62,12,33,27,6,107
"190","Adams",2014,3166,215,3381,"Felony",1846,1467,379,221,195,26,2067
"191","Adams",2015,3305,354,3659,"Felony",1916,1517,399,345,286,59,2261
"192","Adams",2016,3307,713,4020,"Felony",1835,1444,391,720,619,101,2555
"193","Alamosa",2014,212,84,296,"Felony",108,84,24,82,67,15,190
"194","Alamosa",2015,260,86,346,"Felony",138,99,39,85,68,17,223
"195","Alamosa",2016,341,215,556,"Felony",165,122,43,214,167,47,379
"196","Arapahoe",2014,2631,364,2995,"Felony",1501,1206,295,356,302,54,1857
"197","Arapahoe",2015,2482,668,3150,"Felony",1504,1226,278,668,565,103,2172
"198","Arapahoe",2016,2709,503,3212,"Felony",1692,1432,260,507,443,64,2199
"199","Archuleta",2014,46,41,87,"Felony",30,22,8,42,33,9,72
"200","Archuleta",2015,46,36,82,"Felony",31,22,9,36,28,8,67
"201","Archuleta",2016,49,46,95,"Felony",32,21,11,47,27,20,79
"202","Baca",2014,27,3,30,"Felony",17,13,4,3,3,NA,20
"203","Baca",2015,18,11,29,"Felony",13,8,5,10,10,NA,23
"204","Baca",2016,26,6,32,"Felony",10,9,1,6,4,2,16
"205","Bent",2014,35,14,49,"Felony",28,17,11,15,10,5,43
"206","Bent",2015,30,18,48,"Felony",24,16,8,16,13,3,40
"207","Bent",2016,53,13,66,"Felony",35,25,10,12,6,6,47
"208","Boulder",2014,1548,215,1763,"Felony",842,715,127,235,217,18,1077
"209","Boulder",2015,1630,294,1924,"Felony",904,756,148,308,282,26,1212
"210","Boulder",2016,1662,536,2198,"Felony",898,763,135,550,496,54,1448
"211","Broomfield",2014,285,11,296,"Felony",199,167,32,11,10,1,210
"212","Broomfield",2015,275,17,292,"Felony",173,141,32,18,17,1,191
"213","Broomfield",2016,265,68,333,"Felony",170,140,30,69,61,8,239
"214","Chaffee",2014,103,23,126,"Felony",67,58,9,25,24,1,92
"215","Chaffee",2015,122,36,158,"Felony",60,50,10,36,29,7,96
"216","Chaffee",2016,129,54,183,"Felony",56,42,14,57,44,13,113
"217","Cheyenne",2014,10,3,13,"Felony",5,4,1,2,2,NA,7
"218","Cheyenne",2015,7,1,8,"Felony",7,7,NA,1,1,NA,8
"219","Cheyenne",2016,11,2,13,"Felony",10,7,3,1,1,NA,11
"220","Clear Creek",2014,79,4,83,"Felony",55,48,7,3,3,NA,58
"221","Clear Creek",2015,63,4,67,"Felony",41,33,8,4,2,2,45
"222","Clear Creek",2016,80,6,86,"Felony",51,45,6,5,4,1,56
"223","Conejos",2014,36,14,50,"Felony",16,12,4,13,11,2,29
"224","Conejos",2015,51,17,68,"Felony",38,28,10,19,13,6,57
"225","Conejos",2016,75,27,102,"Felony",50,32,18,26,22,4,76
"226","Costilla",2014,34,10,44,"Felony",26,20,6,6,5,1,32
"227","Costilla",2015,41,5,46,"Felony",34,29,5,7,7,NA,41
"228","Costilla",2016,33,17,50,"Felony",23,22,1,14,14,NA,37
"229","Crowley",2014,26,2,28,"Felony",17,13,4,4,2,2,21
"230","Crowley",2015,25,20,45,"Felony",20,16,4,21,18,3,41
"231","Crowley",2016,55,9,64,"Felony",40,33,7,10,5,5,50
"232","Custer",2014,17,4,21,"Felony",14,12,2,3,2,1,17
"233","Custer",2015,19,5,24,"Felony",8,8,NA,8,8,NA,16
"234","Custer",2016,39,11,50,"Felony",24,23,1,12,11,1,36
"235","Delta",2014,117,11,128,"Felony",65,46,19,32,23,9,97
"236","Delta",2015,112,13,125,"Felony",61,40,21,35,29,6,96
"237","Delta",2016,114,15,129,"Felony",59,41,18,42,36,6,101
"238","Denver",2014,3817,1271,5088,"Felony",1936,1632,304,1313,1186,127,3249
"239","Denver",2015,4036,1319,5355,"Felony",2069,1751,318,1446,1291,155,3515
"240","Denver",2016,4037,2572,6609,"Felony",1902,1621,281,2619,2286,333,4521
"241","Dolores",2014,3,5,8,"Felony",3,2,1,5,4,1,8
"242","Dolores",2015,9,2,11,"Felony",5,4,1,2,2,NA,7
"243","Dolores",2016,16,1,17,"Felony",12,11,1,1,1,NA,13
"244","Douglas",2014,582,112,694,"Felony",343,295,48,110,98,12,453
"245","Douglas",2015,573,197,770,"Felony",357,302,55,198,175,23,555
"246","Douglas",2016,750,279,1029,"Felony",476,419,57,276,244,32,752
"247","Eagle",2014,225,34,259,"Felony",180,164,16,34,32,2,214
"248","Eagle",2015,332,24,356,"Felony",257,238,19,26,26,NA,283
"249","Eagle",2016,283,17,300,"Felony",201,189,12,18,17,1,219
"250","El Paso",2014,5041,318,5359,"Felony",2834,2222,612,366,326,40,3200
"251","El Paso",2015,5260,362,5622,"Felony",2800,2277,523,359,326,33,3159
"252","El Paso",2016,5781,325,6106,"Felony",3043,2546,497,330,301,29,3373
"253","Elbert",2014,53,11,64,"Felony",35,27,8,10,10,NA,45
"254","Elbert",2015,63,19,82,"Felony",46,36,10,19,15,4,65
"255","Elbert",2016,86,35,121,"Felony",64,52,12,35,31,4,99
"256","Fremont",2014,259,64,323,"Felony",170,141,29,41,36,5,211
"257","Fremont",2015,282,93,375,"Felony",149,124,25,88,79,9,237
"258","Fremont",2016,379,230,609,"Felony",144,111,33,220,183,37,364
"259","Garfield",2014,283,88,371,"Felony",194,137,57,106,77,29,300
"260","Garfield",2015,401,84,485,"Felony",252,172,80,108,77,31,360
"261","Garfield",2016,386,138,524,"Felony",258,186,72,150,127,23,408
"262","Gilpin",2014,78,16,94,"Felony",64,56,8,16,15,1,80
"263","Gilpin",2015,149,25,174,"Felony",112,96,16,25,23,2,137
"264","Gilpin",2016,124,27,151,"Felony",77,72,5,28,25,3,105
"265","Grand",2014,63,7,70,"Felony",44,36,8,7,5,2,51
"266","Grand",2015,41,8,49,"Felony",29,25,4,8,8,NA,37
"267","Grand",2016,48,14,62,"Felony",33,27,6,14,12,2,47
"268","Gunnison",2014,85,7,92,"Felony",73,60,13,7,7,NA,80
"269","Gunnison",2015,72,15,87,"Felony",53,46,7,14,11,3,67
"270","Gunnison",2016,102,13,115,"Felony",76,55,21,11,9,2,87
"271","Hinsdale",2014,2,1,3,"Felony",1,1,NA,1,1,NA,2
"272","Hinsdale",2015,3,NA,3,"Felony",2,2,NA,1,1,NA,3
"273","Hinsdale",2016,2,2,4,"Felony",2,2,NA,1,NA,1,3
"274","Huerfano",2014,78,36,114,"Felony",47,34,13,37,31,6,84
"275","Huerfano",2015,69,20,89,"Felony",45,34,11,20,15,5,65
"276","Huerfano",2016,96,41,137,"Felony",59,49,10,42,28,14,101
"277","Jackson",2014,4,2,6,"Felony",3,3,NA,1,1,NA,4
"278","Jackson",2015,1,4,5,"Felony",1,1,NA,3,3,NA,4
"279","Jackson",2016,8,2,10,"Felony",7,5,2,2,2,NA,9
"280","Jefferson",2014,2619,437,3056,"Felony",1416,1179,237,448,399,49,1864
"281","Jefferson",2015,3032,440,3472,"Felony",1611,1343,268,456,410,46,2067
"282","Jefferson",2016,3404,539,3943,"Felony",1738,1503,235,563,493,70,2301
"283","Kiowa",2014,8,2,10,"Felony",6,4,2,2,1,1,8
"284","Kiowa",2015,9,1,10,"Felony",4,4,NA,1,NA,1,5
"285","Kiowa",2016,4,NA,4,"Felony",2,2,NA,NA,NA,NA,2
"286","Kit Carson",2014,49,6,55,"Felony",29,24,5,5,3,2,34
"287","Kit Carson",2015,54,14,68,"Felony",33,23,10,13,13,NA,46
"288","Kit Carson",2016,61,27,88,"Felony",35,23,12,26,15,11,61
"289","La Plata",2014,249,224,473,"Felony",141,89,52,184,135,49,325
"290","La Plata",2015,281,210,491,"Felony",174,139,35,199,150,49,373
"291","La Plata",2016,324,178,502,"Felony",216,183,33,163,139,24,379
"292","Lake",2014,77,8,85,"Felony",59,47,12,8,7,1,67
"293","Lake",2015,40,6,46,"Felony",31,27,4,6,6,NA,37
"294","Lake",2016,68,14,82,"Felony",56,47,9,13,11,2,69
"295","Larimer",2014,1309,472,1781,"Felony",765,609,156,439,388,51,1204
"296","Larimer",2015,1647,508,2155,"Felony",941,735,206,465,410,55,1406
"297","Larimer",2016,2130,645,2775,"Felony",1161,905,256,586,522,64,1747
"298","Las Animas",2014,105,62,167,"Felony",72,55,17,62,48,14,134
"299","Las Animas",2015,137,62,199,"Felony",77,60,17,65,46,19,142
"300","Las Animas",2016,112,43,155,"Felony",70,52,18,44,30,14,114
"301","Lincoln",2014,63,3,66,"Felony",22,19,3,4,4,NA,26
"302","Lincoln",2015,80,NA,80,"Felony",25,24,1,NA,NA,NA,25
"303","Lincoln",2016,84,3,87,"Felony",44,34,10,2,1,1,46
"304","Logan",2014,153,73,226,"Felony",85,64,21,68,54,14,153
"305","Logan",2015,169,65,234,"Felony",104,79,25,67,54,13,171
"306","Logan",2016,194,82,276,"Felony",95,77,18,72,64,8,167
"307","Mesa",2014,785,721,1506,"Felony",363,277,86,721,585,136,1084
"308","Mesa",2015,755,817,1572,"Felony",288,230,58,824,671,153,1112
"309","Mesa",2016,957,1034,1991,"Felony",314,252,62,1043,849,194,1357
"310","Mineral",2014,2,NA,2,"Felony",2,2,NA,NA,NA,NA,2
"311","Mineral",2015,1,3,4,"Felony",NA,NA,NA,2,1,1,2
"312","Mineral",2016,1,NA,1,"Felony",1,1,NA,NA,NA,NA,1
"313","Moffat",2014,134,27,161,"Felony",92,62,30,28,23,5,120
"314","Moffat",2015,164,67,231,"Felony",121,82,39,65,53,12,186
"315","Moffat",2016,160,93,253,"Felony",97,68,29,89,75,14,186
"316","Montezuma",2014,136,67,203,"Felony",86,73,13,67,54,13,153
"317","Montezuma",2015,184,60,244,"Felony",140,121,19,57,49,8,197
"318","Montezuma",2016,217,61,278,"Felony",154,137,17,61,55,6,215
"319","Montrose",2014,282,21,303,"Felony",166,110,56,45,35,10,211
"320","Montrose",2015,276,21,297,"Felony",174,113,61,49,37,12,223
"321","Montrose",2016,267,34,301,"Felony",191,112,79,71,59,12,262
"322","Morgan",2014,182,53,235,"Felony",113,74,39,52,44,8,165
"323","Morgan",2015,169,81,250,"Felony",98,77,21,78,59,19,176
"324","Morgan",2016,207,90,297,"Felony",108,81,27,89,64,25,197
"325","Otero",2014,139,65,204,"Felony",99,76,23,64,45,19,163
"326","Otero",2015,171,53,224,"Felony",136,88,48,51,35,16,187
"327","Otero",2016,153,65,218,"Felony",109,79,30,64,48,16,173
"328","Ouray",2014,14,2,16,"Felony",8,6,2,2,2,NA,10
"329","Ouray",2015,15,2,17,"Felony",12,9,3,3,2,1,15
"330","Ouray",2016,22,2,24,"Felony",19,15,4,3,2,1,22
"331","Park",2014,53,13,66,"Felony",38,31,7,17,15,2,55
"332","Park",2015,61,17,78,"Felony",52,42,10,19,14,5,71
"333","Park",2016,56,11,67,"Felony",43,40,3,11,9,2,54
"334","Phillips",2014,12,NA,12,"Felony",9,7,2,NA,NA,NA,9
"335","Phillips",2015,18,2,20,"Felony",15,11,4,2,2,NA,17
"336","Phillips",2016,15,7,22,"Felony",12,11,1,7,7,NA,19
"337","Pitkin",2014,38,4,42,"Felony",30,25,5,4,3,1,34
"338","Pitkin",2015,62,13,75,"Felony",51,44,7,13,9,4,64
"339","Pitkin",2016,53,22,75,"Felony",42,32,10,23,20,3,65
"340","Prowers",2014,108,47,155,"Felony",76,63,13,47,36,11,123
"341","Prowers",2015,157,48,205,"Felony",113,81,32,48,39,9,161
"342","Prowers",2016,179,52,231,"Felony",100,86,14,53,47,6,153
"343","Pueblo",2014,1364,481,1845,"Felony",588,453,135,481,420,61,1069
"344","Pueblo",2015,1388,787,2175,"Felony",637,502,135,790,688,102,1427
"345","Pueblo",2016,1607,657,2264,"Felony",644,541,103,651,586,65,1295
"346","Rio Blanco",2014,47,5,52,"Felony",35,26,9,9,6,3,44
"347","Rio Blanco",2015,33,10,43,"Felony",26,22,4,9,7,2,35
"348","Rio Blanco",2016,55,13,68,"Felony",44,34,10,11,10,1,55
"349","Rio Grande",2014,100,61,161,"Felony",62,43,19,67,50,17,129
"350","Rio Grande",2015,73,63,136,"Felony",52,33,19,60,49,11,112
"351","Rio Grande",2016,115,50,165,"Felony",76,45,31,53,38,15,129
"352","Routt",2014,72,29,101,"Felony",53,43,10,30,26,4,83
"353","Routt",2015,95,65,160,"Felony",72,59,13,62,53,9,134
"354","Routt",2016,58,42,100,"Felony",39,31,8,40,34,6,79
"355","Saguache",2014,18,23,41,"Felony",15,13,2,21,17,4,36
"356","Saguache",2015,19,19,38,"Felony",13,8,5,19,15,4,32
"357","Saguache",2016,48,14,62,"Felony",31,27,4,14,10,4,45
"358","San Juan",2014,3,1,4,"Felony",2,2,NA,1,NA,1,3
"359","San Juan",2015,NA,NA,NA,"Felony",NA,NA,NA,NA,NA,NA,NA
"360","San Juan",2016,8,5,13,"Felony",7,5,2,3,3,NA,10
"361","San Miguel",2014,28,7,35,"Felony",20,14,6,7,5,2,27
"362","San Miguel",2015,48,6,54,"Felony",37,31,6,9,6,3,46
"363","San Miguel",2016,46,12,58,"Felony",40,32,8,8,7,1,48
"364","Sedgwick",2014,8,2,10,"Felony",7,4,3,2,1,1,9
"365","Sedgwick",2015,13,7,20,"Felony",10,6,4,7,7,NA,17
"366","Sedgwick",2016,21,9,30,"Felony",13,12,1,8,8,NA,21
"367","Summit",2014,209,13,222,"Felony",144,126,18,16,12,4,160
"368","Summit",2015,230,19,249,"Felony",164,128,36,20,14,6,184
"369","Summit",2016,264,19,283,"Felony",189,160,29,20,13,7,209
"370","Teller",2014,169,14,183,"Felony",110,93,17,9,8,1,119
"371","Teller",2015,167,21,188,"Felony",101,96,5,18,16,2,119
"372","Teller",2016,205,27,232,"Felony",134,113,21,27,24,3,161
"373","Washington",2014,11,4,15,"Felony",5,3,2,4,3,1,9
"374","Washington",2015,8,6,14,"Felony",6,5,1,6,6,NA,12
"375","Washington",2016,21,12,33,"Felony",13,12,1,13,12,1,26
"376","Weld",2014,1648,468,2116,"Felony",824,659,165,483,391,92,1307
"377","Weld",2015,1591,596,2187,"Felony",789,601,188,609,536,73,1398
"378","Weld",2016,1887,647,2534,"Felony",877,679,198,655,533,122,1532
"379","Yuma",2014,32,3,35,"Felony",22,19,3,3,3,NA,25
"380","Yuma",2015,43,10,53,"Felony",34,19,15,9,6,3,43
"381","Yuma",2016,47,14,61,"Felony",32,26,6,14,12,2,46
